<?xml version='1.0' encoding='UTF-8'?>
<ksdk:manifest xmlns:ksdk="http://nxp.com/ksdk/2.0/ksdk_manifest_v3.0.xsd" xmlns:xsi="http://www.w3.org/2001/XMLSchema-instance" xsi:schemaLocation="http://nxp.com/ksdk/2.0/ksdk_manifest_v3.0.xsd http://nxp.com/mcuxpresso/sdk/sdk_manifest_v3.2.xsd" format_version="3.2" api_version="2.0.0" name="SDK version 2.3.1 package for MKL03Z16xxx4 device" brief="This is SDK version 2.3.1 manifest file. It describes the content of the SDK version 2.3.1 package for MKL03Z16xxx4 device and additional settings for tools that support SDK version 2.3.1" id="SDK_2.x_MKL03Z16xxx4" configuration="d0d32e312fb6db2c85ba8d6a31403c2b">
  <defines>
    <define name="CPU_$|package|" value=""/>
    <define name="CPU_$|package|_$|core|" value=""/>
  </defines>
  <ksdk id="KSDK231" name="KSDK231" version="2.3.1"/>
  <compilers>
    <compiler id="compiler_gcc" type="gcc" name="gcc"/>
  </compilers>
  <toolchainSettings>
    <toolchainSetting id="com.nxp.mcuxpresso" name="mcuxpresso" full_name="MCUXpresso IDE" version="1.0.0" compiler="compiler_gcc" toolchain="mcuxpresso">
      <option id="gnu.cpp.compiler.option.optimization.flags" type="string" user_name="" variants="">
        <value>-fno-common</value>
      </option>
      <option id="gnu.c.compiler.option.optimization.flags" type="string" user_name="" variants="">
        <value>-fno-common</value>
      </option>
      <option id="gnu.cpp.link.option.nostdlibs" type="boolean" user_name="" variants="">
        <value>true</value>
      </option>
      <option id="gnu.cpp.link.option.other" type="stringList" user_name="" variants="">
        <value>-Map="${BuildArtifactFileBaseName}.map"</value>
        <value>--gc-sections</value>
        <value>-print-memory-usage</value>
      </option>
      <option id="com.crt.advproject.link.cpp.flashconfigenable" type="boolean" user_name="" variants="">
        <value>true</value>
      </option>
      <option id="com.crt.advproject.link.flashconfigenable" type="boolean" user_name="" variants="">
        <value>true</value>
      </option>
      <option id="gnu.c.link.option.nostdlibs" type="boolean" user_name="" variants="">
        <value>true</value>
      </option>
      <option id="gnu.c.link.option.other" type="stringList" user_name="" variants="">
        <value>-Map="${BuildArtifactFileBaseName}.map"</value>
        <value>--gc-sections</value>
        <value>-print-memory-usage</value>
      </option>
    </toolchainSetting>
  </toolchainSettings>
  <toolchains>
    <toolchain id="mcuxpresso" name="MCUXpresso_IDE" full_name="MCUXpresso IDE" type="mcuxpresso" compiler="compiler_gcc" version="10.1.0" vendor="NXP Semiconductors" vendor_url="http://www.nxp.com">
      <debug>
        <debug_configuration id="com.crt.advproject.config.exe.debug" name="Debug Configuration" probe="LinkServer">
          <scripts>
            <script type="init" silent="false" emulators="${gdb.stub} -mi -info-emu">
              <script>
set remotetimeout 60000
##target_extended_remote##
set mem inaccessible-by-default ${mem.access}
mon ondisconnect ${ondisconnect}
set arm force-mode thumb
${load}
        </script>
            </script>
            <script type="run" silent="false" emulators="${gdb.stub} -mi -info-emu">
              <script>
${run}
        </script>
            </script>
          </scripts>
          <params>
            <params id="vector.catch.debug.mcuxpresso" name="vector.catch" value="false"/>
            <params id="internal.cache.debug.mcuxpresso" name="internal.cache" value="Disable"/>
          </params>
        </debug_configuration>
        <debug_configuration id="com.crt.advproject.config.exe.release" name="Release Configuration" probe="LinkServer">
          <scripts>
            <script type="init" silent="false" emulators="${gdb.stub} -mi -info-emu">
              <script>
set remotetimeout 60000
##target_extended_remote##
set mem inaccessible-by-default ${mem.access}
mon ondisconnect ${ondisconnect}
set arm force-mode thumb
${load}
        </script>
            </script>
            <script type="run" silent="false" emulators="${gdb.stub} -mi -info-emu">
              <script>
${run}
        </script>
            </script>
          </scripts>
          <params>
            <params id="vector.catch.release.mcuxpresso" name="vector.catch" value="false"/>
            <params id="internal.cache.release.mcuxpresso" name="internal.cache" value="Disable"/>
          </params>
        </debug_configuration>
      </debug>
    </toolchain>
  </toolchains>
  <boards>
    <board id="frdmkl03z" name="FRDM-KL03Z" package="MKL03Z32VFK4" version="1.0.0" href="http://www.nxp.com/frdm-kl03z">
      <description>
FRDM-KL03Z: Freedom Development Platform for Kinetis KL03 MCUs
        </description>
      <image type="image" path="docs/images">
        <files mask="FRDM-KL03Z.gif"/>
      </image>
      <metadataSet>
        <metadata key="html">
          <specific>
            <content>
The Freedom development platform is a set of software and hardware tools for evaluation and development. It is ideal for rapid prototyping of MCU-based applications. The Freedom KL03Z hardware, FRDM-KL03Z, is a simple, yet sophisticated design featuring a Kinetis® L Series MCU, built on the ARM® Cortex®-M0+ core.
        </content>
          </specific>
        </metadata>
      </metadataSet>
      <examples>
        <example id="frdmkl03z_cmsis_i2c_read_accel_value_transfer" name="cmsis_i2c_read_accel_value_transfer" category="cmsis_driver_examples/i2c" path="boards/frdmkl03z/cmsis_driver_examples/i2c/read_accel_value_transfer" toolchain="mcuxpresso">
          <external path="boards/frdmkl03z/cmsis_driver_examples/i2c/read_accel_value_transfer" type="xml">
            <files mask="cmsis_i2c_read_accel_value_transfer.xml"/>
          </external>
        </example>
        <example id="frdmkl03z_cmsis_lpuart_interrupt_transfer" name="cmsis_lpuart_interrupt_transfer" category="cmsis_driver_examples/lpuart" path="boards/frdmkl03z/cmsis_driver_examples/lpuart/interrupt_transfer" toolchain="mcuxpresso">
          <external path="boards/frdmkl03z/cmsis_driver_examples/lpuart/interrupt_transfer" type="xml">
            <files mask="cmsis_lpuart_interrupt_transfer.xml"/>
          </external>
        </example>
        <example id="frdmkl03z_cmsis_spi_interrupt_b2b_transfer_master" name="cmsis_spi_interrupt_b2b_transfer_master" category="cmsis_driver_examples/spi" path="boards/frdmkl03z/cmsis_driver_examples/spi/interrupt_b2b_transfer/master" toolchain="mcuxpresso">
          <external path="boards/frdmkl03z/cmsis_driver_examples/spi/interrupt_b2b_transfer/master" type="xml">
            <files mask="cmsis_spi_interrupt_b2b_transfer_master.xml"/>
          </external>
        </example>
        <example id="frdmkl03z_cmsis_spi_interrupt_b2b_transfer_slave" name="cmsis_spi_interrupt_b2b_transfer_slave" category="cmsis_driver_examples/spi" path="boards/frdmkl03z/cmsis_driver_examples/spi/interrupt_b2b_transfer/slave" toolchain="mcuxpresso">
          <external path="boards/frdmkl03z/cmsis_driver_examples/spi/interrupt_b2b_transfer/slave" type="xml">
            <files mask="cmsis_spi_interrupt_b2b_transfer_slave.xml"/>
          </external>
        </example>
        <example id="frdmkl03z_adc16_low_power" name="adc16_low_power" category="demo_apps" path="boards/frdmkl03z/demo_apps/adc16_low_power" toolchain="mcuxpresso">
          <external path="boards/frdmkl03z/demo_apps/adc16_low_power" type="xml">
            <files mask="adc16_low_power.xml"/>
          </external>
        </example>
        <example id="frdmkl03z_bubble" name="bubble" category="demo_apps" path="boards/frdmkl03z/demo_apps/bubble" toolchain="mcuxpresso">
          <external path="boards/frdmkl03z/demo_apps/bubble" type="xml">
            <files mask="bubble.xml"/>
          </external>
        </example>
        <example id="frdmkl03z_hello_world" name="hello_world" category="demo_apps" path="boards/frdmkl03z/demo_apps/hello_world" toolchain="mcuxpresso">
          <external path="boards/frdmkl03z/demo_apps/hello_world" type="xml">
            <files mask="hello_world.xml"/>
          </external>
        </example>
        <example id="frdmkl03z_power_manager" name="power_manager" category="demo_apps" path="boards/frdmkl03z/demo_apps/power_manager" toolchain="mcuxpresso">
          <external path="boards/frdmkl03z/demo_apps/power_manager" type="xml">
            <files mask="power_manager.xml"/>
          </external>
        </example>
        <example id="frdmkl03z_power_mode_switch" name="power_mode_switch" category="demo_apps" path="boards/frdmkl03z/demo_apps/power_mode_switch" toolchain="mcuxpresso">
          <external path="boards/frdmkl03z/demo_apps/power_mode_switch" type="xml">
            <files mask="power_mode_switch.xml"/>
          </external>
        </example>
        <example id="frdmkl03z_rtc_func" name="rtc_func" category="demo_apps" path="boards/frdmkl03z/demo_apps/rtc_func" toolchain="mcuxpresso">
          <external path="boards/frdmkl03z/demo_apps/rtc_func" type="xml">
            <files mask="rtc_func.xml"/>
          </external>
        </example>
        <example id="frdmkl03z_shell" name="shell" category="demo_apps" path="boards/frdmkl03z/demo_apps/shell" toolchain="mcuxpresso">
          <external path="boards/frdmkl03z/demo_apps/shell" type="xml">
            <files mask="shell.xml"/>
          </external>
        </example>
        <example id="frdmkl03z_adc16_interrupt" name="adc16_interrupt" category="driver_examples/adc16" path="boards/frdmkl03z/driver_examples/adc16/interrupt" toolchain="mcuxpresso">
          <external path="boards/frdmkl03z/driver_examples/adc16/interrupt" type="xml">
            <files mask="adc16_interrupt.xml"/>
          </external>
        </example>
        <example id="frdmkl03z_adc16_polling" name="adc16_polling" category="driver_examples/adc16" path="boards/frdmkl03z/driver_examples/adc16/polling" toolchain="mcuxpresso">
          <external path="boards/frdmkl03z/driver_examples/adc16/polling" type="xml">
            <files mask="adc16_polling.xml"/>
          </external>
        </example>
        <example id="frdmkl03z_cmp_interrupt" name="cmp_interrupt" category="driver_examples/cmp" path="boards/frdmkl03z/driver_examples/cmp/interrupt" toolchain="mcuxpresso">
          <external path="boards/frdmkl03z/driver_examples/cmp/interrupt" type="xml">
            <files mask="cmp_interrupt.xml"/>
          </external>
        </example>
        <example id="frdmkl03z_cmp_polling" name="cmp_polling" category="driver_examples/cmp" path="boards/frdmkl03z/driver_examples/cmp/polling" toolchain="mcuxpresso">
          <external path="boards/frdmkl03z/driver_examples/cmp/polling" type="xml">
            <files mask="cmp_polling.xml"/>
          </external>
        </example>
        <example id="frdmkl03z_cop" name="cop" category="driver_examples" path="boards/frdmkl03z/driver_examples/cop" toolchain="mcuxpresso">
          <external path="boards/frdmkl03z/driver_examples/cop" type="xml">
            <files mask="cop.xml"/>
          </external>
        </example>
        <example id="frdmkl03z_pflash" name="pflash" category="driver_examples/flash" path="boards/frdmkl03z/driver_examples/flash/pflash" toolchain="mcuxpresso">
          <external path="boards/frdmkl03z/driver_examples/flash/pflash" type="xml">
            <files mask="pflash.xml"/>
          </external>
        </example>
        <example id="frdmkl03z_gpio_input_interrupt" name="gpio_input_interrupt" category="driver_examples/gpio" path="boards/frdmkl03z/driver_examples/gpio/input_interrupt" toolchain="mcuxpresso">
          <external path="boards/frdmkl03z/driver_examples/gpio/input_interrupt" type="xml">
            <files mask="gpio_input_interrupt.xml"/>
          </external>
        </example>
        <example id="frdmkl03z_gpio_led_output" name="gpio_led_output" category="driver_examples/gpio" path="boards/frdmkl03z/driver_examples/gpio/led_output" toolchain="mcuxpresso">
          <external path="boards/frdmkl03z/driver_examples/gpio/led_output" type="xml">
            <files mask="gpio_led_output.xml"/>
          </external>
        </example>
        <example id="frdmkl03z_i2c_interrupt_b2b_transfer_master" name="i2c_interrupt_b2b_transfer_master" category="driver_examples/i2c" path="boards/frdmkl03z/driver_examples/i2c/interrupt_b2b_transfer/master" toolchain="mcuxpresso">
          <external path="boards/frdmkl03z/driver_examples/i2c/interrupt_b2b_transfer/master" type="xml">
            <files mask="i2c_interrupt_b2b_transfer_master.xml"/>
          </external>
        </example>
        <example id="frdmkl03z_i2c_interrupt_b2b_transfer_slave" name="i2c_interrupt_b2b_transfer_slave" category="driver_examples/i2c" path="boards/frdmkl03z/driver_examples/i2c/interrupt_b2b_transfer/slave" toolchain="mcuxpresso">
          <external path="boards/frdmkl03z/driver_examples/i2c/interrupt_b2b_transfer/slave" type="xml">
            <files mask="i2c_interrupt_b2b_transfer_slave.xml"/>
          </external>
        </example>
        <example id="frdmkl03z_i2c_polling_b2b_transfer_master" name="i2c_polling_b2b_transfer_master" category="driver_examples/i2c" path="boards/frdmkl03z/driver_examples/i2c/polling_b2b_transfer/master" toolchain="mcuxpresso">
          <external path="boards/frdmkl03z/driver_examples/i2c/polling_b2b_transfer/master" type="xml">
            <files mask="i2c_polling_b2b_transfer_master.xml"/>
          </external>
        </example>
        <example id="frdmkl03z_i2c_polling_b2b_transfer_slave" name="i2c_polling_b2b_transfer_slave" category="driver_examples/i2c" path="boards/frdmkl03z/driver_examples/i2c/polling_b2b_transfer/slave" toolchain="mcuxpresso">
          <external path="boards/frdmkl03z/driver_examples/i2c/polling_b2b_transfer/slave" type="xml">
            <files mask="i2c_polling_b2b_transfer_slave.xml"/>
          </external>
        </example>
        <example id="frdmkl03z_i2c_read_accel_value_transfer" name="i2c_read_accel_value_transfer" category="driver_examples/i2c" path="boards/frdmkl03z/driver_examples/i2c/read_accel_value_transfer" toolchain="mcuxpresso">
          <external path="boards/frdmkl03z/driver_examples/i2c/read_accel_value_transfer" type="xml">
            <files mask="i2c_read_accel_value_transfer.xml"/>
          </external>
        </example>
        <example id="frdmkl03z_lptmr" name="lptmr" category="driver_examples" path="boards/frdmkl03z/driver_examples/lptmr" toolchain="mcuxpresso">
          <external path="boards/frdmkl03z/driver_examples/lptmr" type="xml">
            <files mask="lptmr.xml"/>
          </external>
        </example>
        <example id="frdmkl03z_lpuart_interrupt" name="lpuart_interrupt" category="driver_examples/lpuart" path="boards/frdmkl03z/driver_examples/lpuart/interrupt" toolchain="mcuxpresso">
          <external path="boards/frdmkl03z/driver_examples/lpuart/interrupt" type="xml">
            <files mask="lpuart_interrupt.xml"/>
          </external>
        </example>
        <example id="frdmkl03z_lpuart_interrupt_rb_transfer" name="lpuart_interrupt_rb_transfer" category="driver_examples/lpuart" path="boards/frdmkl03z/driver_examples/lpuart/interrupt_rb_transfer" toolchain="mcuxpresso">
          <external path="boards/frdmkl03z/driver_examples/lpuart/interrupt_rb_transfer" type="xml">
            <files mask="lpuart_interrupt_rb_transfer.xml"/>
          </external>
        </example>
        <example id="frdmkl03z_lpuart_interrupt_transfer" name="lpuart_interrupt_transfer" category="driver_examples/lpuart" path="boards/frdmkl03z/driver_examples/lpuart/interrupt_transfer" toolchain="mcuxpresso">
          <external path="boards/frdmkl03z/driver_examples/lpuart/interrupt_transfer" type="xml">
            <files mask="lpuart_interrupt_transfer.xml"/>
          </external>
        </example>
        <example id="frdmkl03z_lpuart_polling" name="lpuart_polling" category="driver_examples/lpuart" path="boards/frdmkl03z/driver_examples/lpuart/polling" toolchain="mcuxpresso">
          <external path="boards/frdmkl03z/driver_examples/lpuart/polling" type="xml">
            <files mask="lpuart_polling.xml"/>
          </external>
        </example>
        <example id="frdmkl03z_mcglite" name="mcglite" category="driver_examples" path="boards/frdmkl03z/driver_examples/mcglite" toolchain="mcuxpresso">
          <external path="boards/frdmkl03z/driver_examples/mcglite" type="xml">
            <files mask="mcglite.xml"/>
          </external>
        </example>
        <example id="frdmkl03z_rtc" name="rtc" category="driver_examples" path="boards/frdmkl03z/driver_examples/rtc" toolchain="mcuxpresso">
          <external path="boards/frdmkl03z/driver_examples/rtc" type="xml">
            <files mask="rtc.xml"/>
          </external>
        </example>
        <example id="frdmkl03z_spi_interrupt_b2b_master" name="spi_interrupt_b2b_master" category="driver_examples/spi" path="boards/frdmkl03z/driver_examples/spi/interrupt_b2b/master" toolchain="mcuxpresso">
          <external path="boards/frdmkl03z/driver_examples/spi/interrupt_b2b/master" type="xml">
            <files mask="spi_interrupt_b2b_master.xml"/>
          </external>
        </example>
        <example id="frdmkl03z_spi_interrupt_b2b_slave" name="spi_interrupt_b2b_slave" category="driver_examples/spi" path="boards/frdmkl03z/driver_examples/spi/interrupt_b2b/slave" toolchain="mcuxpresso">
          <external path="boards/frdmkl03z/driver_examples/spi/interrupt_b2b/slave" type="xml">
            <files mask="spi_interrupt_b2b_slave.xml"/>
          </external>
        </example>
        <example id="frdmkl03z_spi_interrupt_b2b_transfer_master" name="spi_interrupt_b2b_transfer_master" category="driver_examples/spi" path="boards/frdmkl03z/driver_examples/spi/interrupt_b2b_transfer/master" toolchain="mcuxpresso">
          <external path="boards/frdmkl03z/driver_examples/spi/interrupt_b2b_transfer/master" type="xml">
            <files mask="spi_interrupt_b2b_transfer_master.xml"/>
          </external>
        </example>
        <example id="frdmkl03z_spi_interrupt_b2b_transfer_slave" name="spi_interrupt_b2b_transfer_slave" category="driver_examples/spi" path="boards/frdmkl03z/driver_examples/spi/interrupt_b2b_transfer/slave" toolchain="mcuxpresso">
          <external path="boards/frdmkl03z/driver_examples/spi/interrupt_b2b_transfer/slave" type="xml">
            <files mask="spi_interrupt_b2b_transfer_slave.xml"/>
          </external>
        </example>
        <example id="frdmkl03z_spi_polling_b2b_transfer_master" name="spi_polling_b2b_transfer_master" category="driver_examples/spi" path="boards/frdmkl03z/driver_examples/spi/polling_b2b_transfer/master" toolchain="mcuxpresso">
          <external path="boards/frdmkl03z/driver_examples/spi/polling_b2b_transfer/master" type="xml">
            <files mask="spi_polling_b2b_transfer_master.xml"/>
          </external>
        </example>
        <example id="frdmkl03z_spi_polling_b2b_transfer_slave" name="spi_polling_b2b_transfer_slave" category="driver_examples/spi" path="boards/frdmkl03z/driver_examples/spi/polling_b2b_transfer/slave" toolchain="mcuxpresso">
          <external path="boards/frdmkl03z/driver_examples/spi/polling_b2b_transfer/slave" type="xml">
            <files mask="spi_polling_b2b_transfer_slave.xml"/>
          </external>
        </example>
        <example id="frdmkl03z_tpm_input_capture" name="tpm_input_capture" category="driver_examples/tpm" path="boards/frdmkl03z/driver_examples/tpm/input_capture" toolchain="mcuxpresso">
          <external path="boards/frdmkl03z/driver_examples/tpm/input_capture" type="xml">
            <files mask="tpm_input_capture.xml"/>
          </external>
        </example>
        <example id="frdmkl03z_tpm_output_compare" name="tpm_output_compare" category="driver_examples/tpm" path="boards/frdmkl03z/driver_examples/tpm/output_compare" toolchain="mcuxpresso">
          <external path="boards/frdmkl03z/driver_examples/tpm/output_compare" type="xml">
            <files mask="tpm_output_compare.xml"/>
          </external>
        </example>
        <example id="frdmkl03z_tpm_pwm_twochannel" name="tpm_pwm_twochannel" category="driver_examples/tpm" path="boards/frdmkl03z/driver_examples/tpm/pwm_twochannel" toolchain="mcuxpresso">
          <external path="boards/frdmkl03z/driver_examples/tpm/pwm_twochannel" type="xml">
            <files mask="tpm_pwm_twochannel.xml"/>
          </external>
        </example>
        <example id="frdmkl03z_tpm_simple_pwm" name="tpm_simple_pwm" category="driver_examples/tpm" path="boards/frdmkl03z/driver_examples/tpm/simple_pwm" toolchain="mcuxpresso">
          <external path="boards/frdmkl03z/driver_examples/tpm/simple_pwm" type="xml">
            <files mask="tpm_simple_pwm.xml"/>
          </external>
        </example>
        <example id="frdmkl03z_tpm_timer" name="tpm_timer" category="driver_examples/tpm" path="boards/frdmkl03z/driver_examples/tpm/timer" toolchain="mcuxpresso">
          <external path="boards/frdmkl03z/driver_examples/tpm/timer" type="xml">
            <files mask="tpm_timer.xml"/>
          </external>
        </example>
      </examples>
    </board>
  </boards>
  <devices>
    <device id="MKL03Z16xxx4" full_name="MKL03Z16xxx4" name="MKL03Z4" version="1.0.0" href="http://www.nxp.com/kinetis">
      <description>
KL03: Kinetis® KL03-48 MHz, Single I2C, Boot ROM, Small packages, Entry-Level Ultra-Low Power Microcontrollers (MCUs) based on ARM® Cortex®-M0+ Core
        </description>
      <image type="image" path="docs/images">
        <files mask="device.jpg"/>
      </image>
      <metadataSet>
        <metadata key="html">
          <specific>
            <content>
The Kinetis® KL03 chip-scale package (CSP) MCU offers the world's smallest ARM Powered® microcontroller, designed to support the latest innovation in smart, small devices.
&lt;ul&gt;
&lt;li&gt;Allows designers to dramatically reduce their board size without compromising performance, feature integration or power consumption of end products&lt;/li&gt;
&lt;li&gt;Consumes 35 percent less PCB area, while delivering 60 percent more GPIO than the nearest competitor&lt;/li&gt;
&lt;li&gt;Features security circuitry to prevent unauthorized access to RAM and flash contents&lt;/li&gt;
&lt;li&gt;Supported by low-power, cost effective development platform for quick application prototyping and demonstration&lt;/li&gt;
&lt;/ul&gt;
        </content>
          </specific>
        </metadata>
        <metadata key="vendor" value="NXP"/>
        <metadata key="vendor.device.type" value="Kinetis"/>
        <metadata key="vendor.device.family" value="KL0x"/>
      </metadataSet>
      <core fpu="false" id="core0_MKL03Z16xxx4" name="core0" type="cm0plus"/>
      <memory>
        <memoryBlock access="RO" addr="00000000" id="PROGRAM_FLASH_MKL03Z16xxx4" name="PROGRAM_FLASH" size="00004000" type="Flash"/>
        <memoryBlock access="RW" addr="1ffffe00" id="SRAM_MKL03Z16xxx4" name="SRAM" size="00000800" type="RAM"/>
      </memory>
      <total_memory flash_size_kb="16" ram_size_kb="2"/>
      <package id="MKL03Z16VFG4" name="MKL03Z16VFG4"/>
      <package id="MKL03Z16VFK4" name="MKL03Z16VFK4"/>
      <evaluation_boards>
        <evaluation_board name="frdmkl03z"/>
      </evaluation_boards>
      <debug_configurations>
        <debug_configuration id_refs="com.crt.advproject.config.exe.debug com.crt.advproject.config.exe.release">
          <params>
            <params id="internal.wiretype.release.MKL03Z16xxx4" name="internal.wiretype" value="SWD"/>
            <params id="internal.has_swo.release.MKL03Z16xxx4" name="internal.has_swo" value="false"/>
            <params id="internal.connect.script.debug.mcuxpresso.MKL03Z16xxx4" name="internal.connect.script" value="kinetisconnect.scp"/>
          </params>
          <drivers>
            <driver id_refs="PROGRAM_FLASH_MKL03Z16xxx4">
              <driverBinary path="devices/MKL03Z4/mcuxpresso" type="binary">
                <files mask="FTFA_1K_Tiny.cfx"/>
              </driverBinary>
            </driver>
          </drivers>
        </debug_configuration>
      </debug_configurations>
      <linkerSettings nature="c_nature">
        <linker property="start_symbol" value="ResetISR"/>
        <linker property="text_align" value="4"/>
        <linker property="data_align" value="4"/>
        <linker property="bss_align" value="4"/>
        <linker property="flash_security_address" value="0x400"/>
        <linker property="mtb_supported" value="true"/>
      </linkerSettings>
      <linkerSettings nature="cpp_nature">
        <linker property="start_symbol" value="ResetISR"/>
        <linker property="text_align" value="4"/>
        <linker property="data_align" value="4"/>
        <linker property="bss_align" value="4"/>
        <linker property="flash_security_address" value="0x400"/>
        <linker property="mtb_supported" value="true"/>
      </linkerSettings>
    </device>
    <device id="MKL03Z32xxx4" full_name="MKL03Z32xxx4" name="MKL03Z4" version="1.0.0" href="http://www.nxp.com/kinetis">
      <description>
KL03: Kinetis® KL03-48 MHz, Single I2C, Boot ROM, Small packages, Entry-Level Ultra-Low Power Microcontrollers (MCUs) based on ARM® Cortex®-M0+ Core
        </description>
      <image type="image" path="docs/images">
        <files mask="device.jpg"/>
      </image>
      <metadataSet>
        <metadata key="html">
          <specific>
            <content>
The Kinetis® KL03 chip-scale package (CSP) MCU offers the world's smallest ARM Powered® microcontroller, designed to support the latest innovation in smart, small devices.
&lt;ul&gt;
&lt;li&gt;Allows designers to dramatically reduce their board size without compromising performance, feature integration or power consumption of end products&lt;/li&gt;
&lt;li&gt;Consumes 35 percent less PCB area, while delivering 60 percent more GPIO than the nearest competitor&lt;/li&gt;
&lt;li&gt;Features security circuitry to prevent unauthorized access to RAM and flash contents&lt;/li&gt;
&lt;li&gt;Supported by low-power, cost effective development platform for quick application prototyping and demonstration&lt;/li&gt;
&lt;/ul&gt;
        </content>
          </specific>
        </metadata>
        <metadata key="vendor" value="NXP"/>
        <metadata key="vendor.device.type" value="Kinetis"/>
        <metadata key="vendor.device.family" value="KL0x"/>
      </metadataSet>
      <core fpu="false" id="core0_MKL03Z32xxx4" name="core0" type="cm0plus"/>
      <memory>
        <memoryBlock access="RO" addr="00000000" id="PROGRAM_FLASH_MKL03Z32xxx4" name="PROGRAM_FLASH" size="00008000" type="Flash"/>
        <memoryBlock access="RW" addr="1ffffe00" id="SRAM_MKL03Z32xxx4" name="SRAM" size="00000800" type="RAM"/>
      </memory>
      <total_memory flash_size_kb="32" ram_size_kb="2"/>
      <package id="MKL03Z32VFK4" name="MKL03Z32VFK4"/>
      <package id="MKL03Z32CAF4" name="MKL03Z32CAF4"/>
      <package id="MKL03Z32VFG4" name="MKL03Z32VFG4"/>
      <evaluation_boards>
        <evaluation_board name="frdmkl03z"/>
      </evaluation_boards>
      <debug_configurations>
        <debug_configuration id_refs="com.crt.advproject.config.exe.debug com.crt.advproject.config.exe.release">
          <params>
            <params id="internal.wiretype.release.MKL03Z32xxx4" name="internal.wiretype" value="SWD"/>
            <params id="internal.has_swo.release.MKL03Z32xxx4" name="internal.has_swo" value="false"/>
            <params id="internal.connect.script.debug.mcuxpresso.MKL03Z32xxx4" name="internal.connect.script" value="kinetisconnect.scp"/>
          </params>
          <drivers>
            <driver id_refs="PROGRAM_FLASH_MKL03Z32xxx4">
              <driverBinary path="devices/MKL03Z4/mcuxpresso" type="binary">
                <files mask="FTFA_1K_Tiny.cfx"/>
              </driverBinary>
            </driver>
          </drivers>
        </debug_configuration>
      </debug_configurations>
      <linkerSettings nature="c_nature">
        <linker property="start_symbol" value="ResetISR"/>
        <linker property="text_align" value="4"/>
        <linker property="data_align" value="4"/>
        <linker property="bss_align" value="4"/>
        <linker property="flash_security_address" value="0x400"/>
        <linker property="mtb_supported" value="true"/>
      </linkerSettings>
      <linkerSettings nature="cpp_nature">
        <linker property="start_symbol" value="ResetISR"/>
        <linker property="text_align" value="4"/>
        <linker property="data_align" value="4"/>
        <linker property="bss_align" value="4"/>
        <linker property="flash_security_address" value="0x400"/>
        <linker property="mtb_supported" value="true"/>
      </linkerSettings>
    </device>
  </devices>
  <components>
    <component id="platform.drivers.adc16.MKL03Z4" name="adc" full_name="ADC16 Driver" type="driver" brief="ADC16 Driver" device_cores="core0_MKL03Z16xxx4 core0_MKL03Z32xxx4" core="cm0plus" dependency="platform.Include_common.MKL03Z4 platform.Include_core_cm0plus.MKL03Z4 platform.devices.MKL03Z4_CMSIS.MKL03Z4 platform.drivers.clock.MKL03Z4 platform.drivers.common.MKL03Z4" devices="MKL03Z32xxx4 MKL03Z16xxx4" version="2.0.0" user_visible="true">
      <source path="devices/MKL03Z4/drivers" target_path="drivers" type="src">
        <files mask="fsl_adc16.c"/>
      </source>
      <source path="devices/MKL03Z4/drivers" target_path="drivers" type="c_include">
        <files mask="fsl_adc16.h"/>
      </source>
    </component>
    <component id="platform.drivers.clock.MKL03Z4" name="clock" full_name="Clock Driver" type="driver" brief="Clock Driver" device_cores="core0_MKL03Z16xxx4 core0_MKL03Z32xxx4" core="cm0plus" dependency="platform.Include_common.MKL03Z4 platform.Include_core_cm0plus.MKL03Z4 platform.devices.MKL03Z4_CMSIS.MKL03Z4 platform.drivers.common.MKL03Z4" devices="MKL03Z32xxx4 MKL03Z16xxx4" version="2.1.0" user_visible="true">
      <source path="devices/MKL03Z4/drivers" target_path="drivers" type="src">
        <files mask="fsl_clock.c"/>
      </source>
      <source path="devices/MKL03Z4/drivers" target_path="drivers" type="c_include">
        <files mask="fsl_clock.h"/>
      </source>
    </component>
    <component id="platform.drivers.cmp.MKL03Z4" name="cmp" full_name="CMP Driver" type="driver" brief="CMP Driver" device_cores="core0_MKL03Z16xxx4 core0_MKL03Z32xxx4" core="cm0plus" dependency="platform.Include_common.MKL03Z4 platform.Include_core_cm0plus.MKL03Z4 platform.devices.MKL03Z4_CMSIS.MKL03Z4 platform.drivers.clock.MKL03Z4 platform.drivers.common.MKL03Z4" devices="MKL03Z32xxx4 MKL03Z16xxx4" version="2.0.0" user_visible="true">
      <source path="devices/MKL03Z4/drivers" target_path="drivers" type="src">
        <files mask="fsl_cmp.c"/>
      </source>
      <source path="devices/MKL03Z4/drivers" target_path="drivers" type="c_include">
        <files mask="fsl_cmp.h"/>
      </source>
    </component>
    <component id="platform.drivers.common.MKL03Z4" name="common" full_name="COMMON Driver" type="driver" brief="COMMON Driver" device_cores="core0_MKL03Z16xxx4 core0_MKL03Z32xxx4" core="cm0plus" dependency="platform.Include_common.MKL03Z4 platform.Include_core_cm0plus.MKL03Z4 platform.devices.MKL03Z4_CMSIS.MKL03Z4 platform.drivers.clock.MKL03Z4" devices="MKL03Z32xxx4 MKL03Z16xxx4" version="2.0.0" user_visible="true">
      <source path="devices/MKL03Z4/drivers" target_path="drivers" type="src">
        <files mask="fsl_common.c"/>
      </source>
      <source path="devices/MKL03Z4/drivers" target_path="drivers" type="c_include">
        <files mask="fsl_common.h"/>
      </source>
    </component>
    <component id="platform.drivers.cop.MKL03Z4" name="cop" full_name="COP Driver" type="driver" brief="COP Driver" device_cores="core0_MKL03Z16xxx4 core0_MKL03Z32xxx4" core="cm0plus" dependency="platform.Include_common.MKL03Z4 platform.Include_core_cm0plus.MKL03Z4 platform.devices.MKL03Z4_CMSIS.MKL03Z4 platform.drivers.clock.MKL03Z4 platform.drivers.common.MKL03Z4" devices="MKL03Z32xxx4 MKL03Z16xxx4" version="2.0.0" user_visible="true">
      <source path="devices/MKL03Z4/drivers" target_path="drivers" type="src">
        <files mask="fsl_cop.c"/>
      </source>
      <source path="devices/MKL03Z4/drivers" target_path="drivers" type="c_include">
        <files mask="fsl_cop.h"/>
      </source>
    </component>
    <component id="platform.drivers.flash.MKL03Z4" name="flash" full_name="Flash Driver" type="driver" brief="Flash Driver" devices="MKL03Z32xxx4 MKL03Z16xxx4" version="2.4.1" user_visible="true">
      <source path="devices/MKL03Z4/drivers" target_path="drivers" type="src">
        <files mask="fsl_flash.c"/>
      </source>
      <source path="devices/MKL03Z4/drivers" target_path="drivers" type="c_include">
        <files mask="fsl_flash.h"/>
      </source>
    </component>
    <component id="platform.drivers.gpio.MKL03Z4" name="gpio" full_name="GPIO Driver" type="driver" brief="GPIO Driver" device_cores="core0_MKL03Z16xxx4 core0_MKL03Z32xxx4" core="cm0plus" dependency="platform.Include_common.MKL03Z4 platform.Include_core_cm0plus.MKL03Z4 platform.devices.MKL03Z4_CMSIS.MKL03Z4 platform.drivers.clock.MKL03Z4 platform.drivers.common.MKL03Z4" devices="MKL03Z32xxx4 MKL03Z16xxx4" version="2.2.1" user_visible="true">
      <source path="devices/MKL03Z4/drivers" target_path="drivers" type="src">
        <files mask="fsl_gpio.c"/>
      </source>
      <source path="devices/MKL03Z4/drivers" target_path="drivers" type="c_include">
        <files mask="fsl_gpio.h"/>
      </source>
    </component>
    <component id="platform.drivers.i2c.MKL03Z4" name="i2c" full_name="I2C Driver" type="driver" brief="I2C Driver" device_cores="core0_MKL03Z16xxx4 core0_MKL03Z32xxx4" core="cm0plus" dependency="platform.Include_common.MKL03Z4 platform.Include_core_cm0plus.MKL03Z4 platform.devices.MKL03Z4_CMSIS.MKL03Z4 platform.drivers.clock.MKL03Z4 platform.drivers.common.MKL03Z4" devices="MKL03Z32xxx4 MKL03Z16xxx4" version="2.0.5" user_visible="true">
      <source path="devices/MKL03Z4/drivers" target_path="drivers" type="src">
        <files mask="fsl_i2c.c"/>
      </source>
      <source path="devices/MKL03Z4/drivers" target_path="drivers" type="c_include">
        <files mask="fsl_i2c.h"/>
      </source>
    </component>
    <component id="platform.drivers.llwu.MKL03Z4" name="llwu" full_name="LLWU Driver" type="driver" brief="LLWU Driver" device_cores="core0_MKL03Z16xxx4 core0_MKL03Z32xxx4" core="cm0plus" dependency="platform.Include_common.MKL03Z4 platform.Include_core_cm0plus.MKL03Z4 platform.devices.MKL03Z4_CMSIS.MKL03Z4 platform.drivers.clock.MKL03Z4 platform.drivers.common.MKL03Z4" devices="MKL03Z32xxx4 MKL03Z16xxx4" version="2.0.1" user_visible="true">
      <source path="devices/MKL03Z4/drivers" target_path="drivers" type="src">
        <files mask="fsl_llwu.c"/>
      </source>
      <source path="devices/MKL03Z4/drivers" target_path="drivers" type="c_include">
        <files mask="fsl_llwu.h"/>
      </source>
    </component>
    <component id="platform.drivers.lptmr.MKL03Z4" name="lptmr" full_name="LPTMR Driver" type="driver" brief="LPTMR Driver" device_cores="core0_MKL03Z16xxx4 core0_MKL03Z32xxx4" core="cm0plus" dependency="platform.Include_common.MKL03Z4 platform.Include_core_cm0plus.MKL03Z4 platform.devices.MKL03Z4_CMSIS.MKL03Z4 platform.drivers.clock.MKL03Z4 platform.drivers.common.MKL03Z4" devices="MKL03Z32xxx4 MKL03Z16xxx4" version="2.0.1" user_visible="true">
      <source path="devices/MKL03Z4/drivers" target_path="drivers" type="src">
        <files mask="fsl_lptmr.c"/>
      </source>
      <source path="devices/MKL03Z4/drivers" target_path="drivers" type="c_include">
        <files mask="fsl_lptmr.h"/>
      </source>
    </component>
    <component id="platform.drivers.lpuart.MKL03Z4" name="lpuart" full_name="LPUART Driver" type="driver" brief="LPUART Driver" device_cores="core0_MKL03Z16xxx4 core0_MKL03Z32xxx4" core="cm0plus" dependency="platform.Include_common.MKL03Z4 platform.Include_core_cm0plus.MKL03Z4 platform.devices.MKL03Z4_CMSIS.MKL03Z4 platform.drivers.clock.MKL03Z4 platform.drivers.common.MKL03Z4" devices="MKL03Z32xxx4 MKL03Z16xxx4" version="2.2.4" user_visible="true">
      <source path="devices/MKL03Z4/drivers" target_path="drivers" type="src">
        <files mask="fsl_lpuart.c"/>
      </source>
      <source path="devices/MKL03Z4/drivers" target_path="drivers" type="c_include">
        <files mask="fsl_lpuart.h"/>
      </source>
    </component>
    <component id="platform.drivers.pmc.MKL03Z4" name="pmc" full_name="PMC Driver" type="driver" brief="PMC Driver" device_cores="core0_MKL03Z16xxx4 core0_MKL03Z32xxx4" core="cm0plus" dependency="platform.Include_common.MKL03Z4 platform.Include_core_cm0plus.MKL03Z4 platform.devices.MKL03Z4_CMSIS.MKL03Z4 platform.drivers.clock.MKL03Z4 platform.drivers.common.MKL03Z4" devices="MKL03Z32xxx4 MKL03Z16xxx4" version="2.0.0" user_visible="true">
      <source path="devices/MKL03Z4/drivers" target_path="drivers" type="src">
        <files mask="fsl_pmc.c"/>
      </source>
      <source path="devices/MKL03Z4/drivers" target_path="drivers" type="c_include">
        <files mask="fsl_pmc.h"/>
      </source>
    </component>
    <component id="platform.drivers.port.MKL03Z4" name="port" full_name="PORT Driver" type="driver" brief="PORT Driver" device_cores="core0_MKL03Z16xxx4 core0_MKL03Z32xxx4" core="cm0plus" dependency="platform.Include_common.MKL03Z4 platform.Include_core_cm0plus.MKL03Z4 platform.devices.MKL03Z4_CMSIS.MKL03Z4 platform.drivers.clock.MKL03Z4 platform.drivers.common.MKL03Z4" devices="MKL03Z32xxx4 MKL03Z16xxx4" version="2.0.2" user_visible="true">
      <source path="devices/MKL03Z4/drivers" target_path="drivers" type="c_include">
        <files mask="fsl_port.h"/>
      </source>
    </component>
    <component id="platform.drivers.rcm.MKL03Z4" name="rcm" full_name="RCM Driver" type="driver" brief="RCM Driver" device_cores="core0_MKL03Z16xxx4 core0_MKL03Z32xxx4" core="cm0plus" dependency="platform.Include_common.MKL03Z4 platform.Include_core_cm0plus.MKL03Z4 platform.devices.MKL03Z4_CMSIS.MKL03Z4 platform.drivers.clock.MKL03Z4 platform.drivers.common.MKL03Z4" devices="MKL03Z32xxx4 MKL03Z16xxx4" version="2.0.1" user_visible="true">
      <source path="devices/MKL03Z4/drivers" target_path="drivers" type="src">
        <files mask="fsl_rcm.c"/>
      </source>
      <source path="devices/MKL03Z4/drivers" target_path="drivers" type="c_include">
        <files mask="fsl_rcm.h"/>
      </source>
    </component>
    <component id="platform.drivers.rtc.MKL03Z4" name="rtc" full_name="RTC Driver" type="driver" brief="RTC Driver" device_cores="core0_MKL03Z16xxx4 core0_MKL03Z32xxx4" core="cm0plus" dependency="platform.Include_common.MKL03Z4 platform.Include_core_cm0plus.MKL03Z4 platform.devices.MKL03Z4_CMSIS.MKL03Z4 platform.drivers.clock.MKL03Z4 platform.drivers.common.MKL03Z4" devices="MKL03Z32xxx4 MKL03Z16xxx4" version="2.0.0" user_visible="true">
      <source path="devices/MKL03Z4/drivers" target_path="drivers" type="src">
        <files mask="fsl_rtc.c"/>
      </source>
      <source path="devices/MKL03Z4/drivers" target_path="drivers" type="c_include">
        <files mask="fsl_rtc.h"/>
      </source>
    </component>
    <component id="platform.drivers.sim.MKL03Z4" name="sim" full_name="SIM Driver" type="driver" brief="SIM Driver" device_cores="core0_MKL03Z16xxx4 core0_MKL03Z32xxx4" core="cm0plus" dependency="platform.Include_common.MKL03Z4 platform.Include_core_cm0plus.MKL03Z4 platform.devices.MKL03Z4_CMSIS.MKL03Z4 platform.drivers.clock.MKL03Z4 platform.drivers.common.MKL03Z4" devices="MKL03Z32xxx4 MKL03Z16xxx4" version="2.1.0" user_visible="true">
      <source path="devices/MKL03Z4/drivers" target_path="drivers" type="src">
        <files mask="fsl_sim.c"/>
      </source>
      <source path="devices/MKL03Z4/drivers" target_path="drivers" type="c_include">
        <files mask="fsl_sim.h"/>
      </source>
    </component>
    <component id="platform.drivers.smc.MKL03Z4" name="smc" full_name="SMC Driver" type="driver" brief="SMC Driver" dependency="platform.drivers.flash.MKL03Z4" devices="MKL03Z32xxx4 MKL03Z16xxx4" version="2.0.3" user_visible="true">
      <source path="devices/MKL03Z4/drivers" target_path="drivers" type="src">
        <files mask="fsl_smc.c"/>
      </source>
      <source path="devices/MKL03Z4/drivers" target_path="drivers" type="c_include">
        <files mask="fsl_smc.h"/>
      </source>
    </component>
    <component id="platform.drivers.spi.MKL03Z4" name="spi" full_name="SPI Driver" type="driver" brief="SPI Driver" device_cores="core0_MKL03Z16xxx4 core0_MKL03Z32xxx4" core="cm0plus" dependency="platform.Include_common.MKL03Z4 platform.Include_core_cm0plus.MKL03Z4 platform.devices.MKL03Z4_CMSIS.MKL03Z4 platform.drivers.clock.MKL03Z4 platform.drivers.common.MKL03Z4" devices="MKL03Z32xxx4 MKL03Z16xxx4" version="2.0.4" user_visible="true">
      <source path="devices/MKL03Z4/drivers" target_path="drivers" type="src">
        <files mask="fsl_spi.c"/>
      </source>
      <source path="devices/MKL03Z4/drivers" target_path="drivers" type="c_include">
        <files mask="fsl_spi.h"/>
      </source>
    </component>
    <component id="platform.drivers.tpm.MKL03Z4" name="tpm" full_name="TPM Driver" type="driver" brief="TPM Driver" device_cores="core0_MKL03Z16xxx4 core0_MKL03Z32xxx4" core="cm0plus" dependency="platform.Include_common.MKL03Z4 platform.Include_core_cm0plus.MKL03Z4 platform.devices.MKL03Z4_CMSIS.MKL03Z4 platform.drivers.clock.MKL03Z4 platform.drivers.common.MKL03Z4" devices="MKL03Z32xxx4 MKL03Z16xxx4" version="2.0.2" user_visible="true">
      <source path="devices/MKL03Z4/drivers" target_path="drivers" type="src">
        <files mask="fsl_tpm.c"/>
      </source>
      <source path="devices/MKL03Z4/drivers" target_path="drivers" type="c_include">
        <files mask="fsl_tpm.h"/>
      </source>
    </component>
    <component id="platform.drivers.vref.MKL03Z4" name="vref" full_name="VREF Driver" type="driver" brief="VREF Driver" device_cores="core0_MKL03Z16xxx4 core0_MKL03Z32xxx4" core="cm0plus" dependency="platform.Include_common.MKL03Z4 platform.Include_core_cm0plus.MKL03Z4 platform.devices.MKL03Z4_CMSIS.MKL03Z4 platform.drivers.clock.MKL03Z4 platform.drivers.common.MKL03Z4" devices="MKL03Z32xxx4 MKL03Z16xxx4" version="2.1.0" user_visible="true">
      <source path="devices/MKL03Z4/drivers" target_path="drivers" type="src">
        <files mask="fsl_vref.c"/>
      </source>
      <source path="devices/MKL03Z4/drivers" target_path="drivers" type="c_include">
        <files mask="fsl_vref.h"/>
      </source>
    </component>
    <component id="platform.utilities.assert.MKL03Z4" name="assert" type="utilities" device_cores="core0_MKL03Z16xxx4 core0_MKL03Z32xxx4" core="cm0plus" dependency="platform.Include_common.MKL03Z4 platform.Include_core_cm0plus.MKL03Z4 platform.devices.MKL03Z4_CMSIS.MKL03Z4 platform.drivers.clock.MKL03Z4 platform.drivers.common.MKL03Z4 platform.drivers.lpuart.MKL03Z4 platform.utilities.debug_console.MKL03Z4" devices="MKL03Z32xxx4 MKL03Z16xxx4" version="1.0.0" user_visible="true">
      <source path="devices/MKL03Z4/utilities" target_path="utilities" type="src">
        <files mask="fsl_assert.c"/>
      </source>
    </component>
    <component id="platform.utilities.debug_console.MKL03Z4" name="debug_console" type="utilities" device_cores="core0_MKL03Z16xxx4 core0_MKL03Z32xxx4" core="cm0plus" dependency="platform.Include_common.MKL03Z4 platform.Include_core_cm0plus.MKL03Z4 platform.devices.MKL03Z4_CMSIS.MKL03Z4 platform.drivers.clock.MKL03Z4 platform.drivers.common.MKL03Z4 platform.drivers.lpuart.MKL03Z4" devices="MKL03Z32xxx4 MKL03Z16xxx4" version="1.0.0" user_visible="true">
      <source path="devices/MKL03Z4/utilities/io" target_path="utilities" type="src">
        <files mask="fsl_io.c"/>
      </source>
      <source path="devices/MKL03Z4/utilities/io" target_path="utilities" type="c_include">
        <files mask="fsl_io.h"/>
      </source>
      <source path="devices/MKL03Z4/utilities/log" target_path="utilities" type="src">
        <files mask="fsl_log.c"/>
      </source>
      <source path="devices/MKL03Z4/utilities/log" target_path="utilities" type="c_include">
        <files mask="fsl_log.h"/>
      </source>
      <source path="devices/MKL03Z4/utilities/str" target_path="utilities" type="src">
        <files mask="fsl_str.c"/>
      </source>
      <source path="devices/MKL03Z4/utilities/str" target_path="utilities" type="c_include">
        <files mask="fsl_str.h"/>
      </source>
      <source path="devices/MKL03Z4/utilities" target_path="utilities" type="src">
        <files mask="fsl_debug_console.c"/>
      </source>
      <source path="devices/MKL03Z4/utilities" target_path="utilities" type="c_include">
        <files mask="fsl_debug_console.h"/>
        <files mask="fsl_debug_console_conf.h"/>
      </source>
    </component>
    <component id="platform.utilities.notifier.MKL03Z4" name="notifier" type="utilities" device_cores="core0_MKL03Z16xxx4 core0_MKL03Z32xxx4" core="cm0plus" dependency="platform.Include_common.MKL03Z4 platform.Include_core_cm0plus.MKL03Z4 platform.devices.MKL03Z4_CMSIS.MKL03Z4 platform.drivers.clock.MKL03Z4 platform.drivers.common.MKL03Z4" devices="MKL03Z32xxx4 MKL03Z16xxx4" version="1.0.0" user_visible="true">
      <source path="devices/MKL03Z4/utilities" target_path="utilities" type="src">
        <files mask="fsl_notifier.c"/>
      </source>
      <source path="devices/MKL03Z4/utilities" target_path="utilities" type="c_include">
        <files mask="fsl_notifier.h"/>
      </source>
    </component>
    <component id="platform.utilities.shell.MKL03Z4" name="shell" type="utilities" device_cores="core0_MKL03Z16xxx4 core0_MKL03Z32xxx4" core="cm0plus" dependency="platform.Include_common.MKL03Z4 platform.Include_core_cm0plus.MKL03Z4 platform.devices.MKL03Z4_CMSIS.MKL03Z4 platform.drivers.clock.MKL03Z4 platform.drivers.common.MKL03Z4" devices="MKL03Z32xxx4 MKL03Z16xxx4" version="1.0.0" user_visible="true">
      <source path="devices/MKL03Z4/utilities" target_path="utilities" type="src">
        <files mask="fsl_shell.c"/>
      </source>
      <source path="devices/MKL03Z4/utilities" target_path="utilities" type="c_include">
        <files mask="fsl_shell.h"/>
      </source>
    </component>
    <component id="docs.images.MKL03Z4" name="images" type="other" devices="MKL03Z32xxx4 MKL03Z16xxx4" version="1.0.0" user_visible="true">
      <source path="docs/images" type="image">
        <files mask="device.jpg"/>
      </source>
      <source path="docs/images" type="image">
        <files mask="FRDM-KL03Z.gif"/>
      </source>
    </component>
    <component id="middleware.fatfs.unused_files.MKL03Z4" name="unused_files" type="other" brief="fatfs files unused by projects" devices="MKL03Z32xxx4 MKL03Z16xxx4" version="3.9.8" revision="3" user_visible="false">
      <source path="middleware/fatfs/doc/en" target_path="fatfs/fatfs_files" exclude="true" type="doc">
        <files mask="appnote.html"/>
        <files mask="chdir.html"/>
        <files mask="chdrive.html"/>
        <files mask="chmod.html"/>
        <files mask="close.html"/>
        <files mask="closedir.html"/>
        <files mask="config.html"/>
        <files mask="dinit.html"/>
        <files mask="dioctl.html"/>
        <files mask="dread.html"/>
        <files mask="dstat.html"/>
        <files mask="dwrite.html"/>
        <files mask="eof.html"/>
        <files mask="error.html"/>
        <files mask="expand.html"/>
        <files mask="fattime.html"/>
        <files mask="fdisk.html"/>
        <files mask="filename.html"/>
        <files mask="findfirst.html"/>
        <files mask="findnext.html"/>
        <files mask="forward.html"/>
        <files mask="getcwd.html"/>
        <files mask="getfree.html"/>
        <files mask="getlabel.html"/>
        <files mask="gets.html"/>
        <files mask="lseek.html"/>
        <files mask="mkdir.html"/>
        <files mask="mkfs.html"/>
        <files mask="mount.html"/>
        <files mask="open.html"/>
        <files mask="opendir.html"/>
        <files mask="printf.html"/>
        <files mask="putc.html"/>
        <files mask="puts.html"/>
        <files mask="rc.html"/>
        <files mask="read.html"/>
        <files mask="readdir.html"/>
        <files mask="rename.html"/>
        <files mask="sdir.html"/>
        <files mask="setlabel.html"/>
        <files mask="sfatfs.html"/>
        <files mask="sfile.html"/>
        <files mask="sfileinfo.html"/>
        <files mask="size.html"/>
        <files mask="stat.html"/>
        <files mask="sync.html"/>
        <files mask="tell.html"/>
        <files mask="truncate.html"/>
        <files mask="unlink.html"/>
        <files mask="utime.html"/>
        <files mask="write.html"/>
      </source>
      <source path="middleware/fatfs/doc/ja" target_path="fatfs/fatfs_files" exclude="true" type="doc">
        <files mask="appnote.html"/>
        <files mask="chdir.html"/>
        <files mask="chdrive.html"/>
        <files mask="chmod.html"/>
        <files mask="close.html"/>
        <files mask="closedir.html"/>
        <files mask="config.html"/>
        <files mask="dinit.html"/>
        <files mask="dioctl.html"/>
        <files mask="dread.html"/>
        <files mask="dstat.html"/>
        <files mask="dwrite.html"/>
        <files mask="eof.html"/>
        <files mask="error.html"/>
        <files mask="expand.html"/>
        <files mask="fattime.html"/>
        <files mask="fdisk.html"/>
        <files mask="filename.html"/>
        <files mask="findfirst.html"/>
        <files mask="findnext.html"/>
        <files mask="forward.html"/>
        <files mask="getcwd.html"/>
        <files mask="getfree.html"/>
        <files mask="getlabel.html"/>
        <files mask="gets.html"/>
        <files mask="lseek.html"/>
        <files mask="mkdir.html"/>
        <files mask="mkfs.html"/>
        <files mask="mount.html"/>
        <files mask="open.html"/>
        <files mask="opendir.html"/>
        <files mask="printf.html"/>
        <files mask="putc.html"/>
        <files mask="puts.html"/>
        <files mask="rc.html"/>
        <files mask="read.html"/>
        <files mask="readdir.html"/>
        <files mask="rename.html"/>
        <files mask="sdir.html"/>
        <files mask="setlabel.html"/>
        <files mask="sfatfs.html"/>
        <files mask="sfile.html"/>
        <files mask="sfileinfo.html"/>
        <files mask="size.html"/>
        <files mask="stat.html"/>
        <files mask="sync.html"/>
        <files mask="tell.html"/>
        <files mask="truncate.html"/>
        <files mask="unlink.html"/>
        <files mask="utime.html"/>
        <files mask="write.html"/>
      </source>
      <source path="middleware/fatfs/doc/res" target_path="fatfs/fatfs_files" exclude="true" type="doc">
        <files mask="mkfs.xls"/>
      </source>
      <source path="middleware/fatfs/doc/res" target_path="fatfs/fatfs_files" exclude="true" type="image">
        <files mask="f1.png"/>
        <files mask="f2.png"/>
        <files mask="f3.png"/>
        <files mask="f4.png"/>
        <files mask="f5.png"/>
        <files mask="f6.png"/>
        <files mask="f7.png"/>
        <files mask="funcs.png"/>
        <files mask="layers.png"/>
        <files mask="layers1.png"/>
        <files mask="layers2.png"/>
        <files mask="modules.png"/>
        <files mask="rwtest1.png"/>
        <files mask="rwtest2.png"/>
        <files mask="rwtest3.png"/>
      </source>
      <source path="middleware/fatfs/doc/res" target_path="fatfs/fatfs_files" exclude="true" type="src">
        <files mask="app1.c"/>
        <files mask="app2.c"/>
        <files mask="app3.c"/>
        <files mask="app4.c"/>
      </source>
      <source path="middleware/fatfs/doc/res" target_path="fatfs/fatfs_files" exclude="true" type="archive">
        <files mask="mkfatimg.zip"/>
      </source>
      <source path="middleware/fatfs/doc" target_path="fatfs/fatfs_files" exclude="true" type="doc">
        <files mask="00index_e.html"/>
        <files mask="00index_j.html"/>
        <files mask="css_e.css"/>
        <files mask="css_j.css"/>
        <files mask="updates.txt"/>
      </source>
    </component>
    <component id="middleware.freertos.freertos_tickless_lptmr.MKL03Z4" name="freertos_tickless_lptmr" full_name="FreeRTOS_lptmr_tickless" type="other" brief="FreeRTOS lptmr tickless" category="Operating System/FreeRTOS Operating System" device_cores="core0_MKL03Z16xxx4 core0_MKL03Z32xxx4" core="cm0plus" dependency="platform.Include_common.MKL03Z4 platform.Include_core_cm0plus.MKL03Z4 platform.devices.MKL03Z4_CMSIS.MKL03Z4 platform.drivers.clock.MKL03Z4 platform.drivers.common.MKL03Z4 platform.drivers.lptmr.MKL03Z4" devices="MKL03Z32xxx4 MKL03Z16xxx4" version="1.0.0" user_visible="true">
      <source path="rtos/freertos/Source/portable/low_power_tickless" target_path="freertos/portable" device_cores="core0_MKL03Z16xxx4 core0_MKL03Z32xxx4" core="cm0plus" type="src">
        <files mask="fsl_tickless_lptmr.c"/>
      </source>
    </component>
    <component id="middleware.freertos.heap.heap_1.MKL03Z4" name="heap_1" full_name="FreeRTOS_heap_1" type="other" brief="FreeRTOS heap_1 allocator" category="Operating System/FreeRTOS Operating System" devices="MKL03Z32xxx4 MKL03Z16xxx4" version="1.0.0" user_visible="true">
      <source path="rtos/freertos/Source/portable/MemMang" target_path="freertos/portable" type="src">
        <files mask="heap_1.c"/>
      </source>
    </component>
    <component id="middleware.freertos.heap.heap_2.MKL03Z4" name="heap_2" full_name="FreeRTOS_heap_2" type="other" brief="FreeRTOS heap_2 allocator" category="Operating System/FreeRTOS Operating System" devices="MKL03Z32xxx4 MKL03Z16xxx4" version="1.0.0" user_visible="true">
      <source path="rtos/freertos/Source/portable/MemMang" target_path="freertos/portable" type="src">
        <files mask="heap_2.c"/>
      </source>
    </component>
    <component id="middleware.freertos.heap.heap_4.MKL03Z4" name="heap_4" full_name="FreeRTOS_heap_4" type="other" brief="FreeRTOS heap_4 allocator" category="Operating System/FreeRTOS Operating System" devices="MKL03Z32xxx4 MKL03Z16xxx4" version="1.0.0" user_visible="true">
      <source path="rtos/freertos/Source/portable/MemMang" target_path="freertos/portable" type="src">
        <files mask="heap_4.c"/>
      </source>
    </component>
    <component id="middleware.freertos.heap.heap_5.MKL03Z4" name="heap_5" full_name="FreeRTOS_heap_5" type="other" brief="FreeRTOS heap_5 allocator" category="Operating System/FreeRTOS Operating System" devices="MKL03Z32xxx4 MKL03Z16xxx4" version="1.0.0" user_visible="true">
      <source path="rtos/freertos/Source/portable/MemMang" target_path="freertos/portable" type="src">
        <files mask="heap_5.c"/>
      </source>
    </component>
    <component id="tools.MKL03Z4" name="tools" type="other" devices="MKL03Z32xxx4 MKL03Z16xxx4" version="1.0.0" user_visible="true">
      <source path="tools/cmake_toolchain_files" type="script">
        <files mask="armgcc.cmake"/>
        <files mask="armgcc_force_cpp.cmake"/>
      </source>
    </component>
    <component id="middleware.fatfs.MKL03Z4" name="fatfs" full_name="FAT File System stack" type="middleware" brief="FatFs" category="File System/FAT File System" devices="MKL03Z32xxx4 MKL03Z16xxx4" version="0.12.3" revision="0" user_visible="false">
      <source path="middleware/fatfs/src/option" target_path="fatfs/fatfs_option" exclude="true" type="src">
        <files mask="cc932.c"/>
        <files mask="cc936.c"/>
        <files mask="cc950.c"/>
        <files mask="ccsbcs.c"/>
        <files mask="syscall.c"/>
        <files mask="unicode.c"/>
      </source>
      <source path="middleware/fatfs/src" target_path="fatfs/fatfs_source" type="src">
        <files mask="diskio.c"/>
        <files mask="ff.c"/>
      </source>
      <source path="middleware/fatfs/src" target_path="fatfs/fatfs_include" type="c_include">
        <files mask="diskio.h"/>
        <files mask="ff.h"/>
        <files mask="integer.h"/>
      </source>
    </component>
    <component id="middleware.fatfs.freertos.MKL03Z4" name="freertos" full_name="FatFs FreeRTOS support" type="middleware" brief="FatFs_FreeRTOS" category="File System/FAT File System" dependency="middleware.fatfs.MKL03Z4" devices="MKL03Z32xxx4 MKL03Z16xxx4" version="1.0.0" user_visible="false">
      <source path="middleware/fatfs/src/fsl_option" target_path="fatfs/fatfs_source" type="src">
        <files mask="freertos_syscall.c"/>
      </source>
    </component>
    <component id="middleware.fatfs.mmc.MKL03Z4" name="mmc" full_name="Fatfs MMC layer" type="middleware" brief="FatFs_MMC" category="File System/FAT File System" device_cores="core0_MKL03Z16xxx4 core0_MKL03Z32xxx4" core="cm0plus" dependency="middleware.fatfs.MKL03Z4 middleware.sdmmc.common.MKL03Z4 middleware.sdmmc.mmc.MKL03Z4 platform.Include_common.MKL03Z4 platform.Include_core_cm0plus.MKL03Z4 platform.devices.MKL03Z4_CMSIS.MKL03Z4 platform.drivers.clock.MKL03Z4 platform.drivers.common.MKL03Z4 platform.drivers.spi.MKL03Z4" devices="MKL03Z32xxx4 MKL03Z16xxx4" version="1.0.0" user_visible="false">
      <source path="middleware/fatfs/src/fsl_mmc_disk" target_path="fatfs/fatfs_source" type="src">
        <files mask="fsl_mmc_disk.c"/>
      </source>
      <source path="middleware/fatfs/src/fsl_mmc_disk" target_path="fatfs/fatfs_include" type="c_include">
        <files mask="fsl_mmc_disk.h"/>
      </source>
    </component>
    <component id="middleware.fatfs.ram.MKL03Z4" name="ram" full_name="Fatfs RAM layer" type="middleware" brief="FatFs_RAM" category="File System/FAT File System" dependency="middleware.fatfs.MKL03Z4" devices="MKL03Z32xxx4 MKL03Z16xxx4" version="1.0.0" user_visible="false">
      <source path="middleware/fatfs/src/fsl_ram_disk" target_path="fatfs/fatfs_source" type="src">
        <files mask="fsl_ram_disk.c"/>
      </source>
      <source path="middleware/fatfs/src/fsl_ram_disk" target_path="fatfs/fatfs_include" type="c_include">
        <files mask="fsl_ram_disk.h"/>
      </source>
    </component>
    <component id="middleware.fatfs.sd.MKL03Z4" name="sd" full_name="Fatfs SD layer" type="middleware" brief="FatFs_SD" category="File System/FAT File System" device_cores="core0_MKL03Z16xxx4 core0_MKL03Z32xxx4" core="cm0plus" dependency="middleware.fatfs.MKL03Z4 middleware.sdmmc.common.MKL03Z4 middleware.sdmmc.sd.MKL03Z4 platform.Include_common.MKL03Z4 platform.Include_core_cm0plus.MKL03Z4 platform.devices.MKL03Z4_CMSIS.MKL03Z4 platform.drivers.clock.MKL03Z4 platform.drivers.common.MKL03Z4 platform.drivers.spi.MKL03Z4" devices="MKL03Z32xxx4 MKL03Z16xxx4" version="1.0.0" user_visible="false">
      <source path="middleware/fatfs/src/fsl_sd_disk" target_path="fatfs/fatfs_source" type="src">
        <files mask="fsl_sd_disk.c"/>
      </source>
      <source path="middleware/fatfs/src/fsl_sd_disk" target_path="fatfs/fatfs_include" type="c_include">
        <files mask="fsl_sd_disk.h"/>
      </source>
    </component>
    <component id="middleware.fatfs.sdspi.MKL03Z4" name="sdspi" full_name="Fatfs SDSPI layer" type="middleware" brief="FatFs_SDSPI" category="File System/FAT File System" dependency="middleware.fatfs.MKL03Z4 middleware.sdmmc.sdspi.MKL03Z4" devices="MKL03Z32xxx4 MKL03Z16xxx4" version="1.0.0" user_visible="false">
      <source path="middleware/fatfs/src/fsl_sdspi_disk" target_path="fatfs/fatfs_source" type="src">
        <files mask="fsl_sdspi_disk.c"/>
      </source>
      <source path="middleware/fatfs/src/fsl_sdspi_disk" target_path="fatfs/fatfs_include" type="c_include">
        <files mask="fsl_sdspi_disk.h"/>
      </source>
    </component>
    <component id="middleware.mmcau_cm0p.MKL03Z4" name="mmcau_cm0p" type="middleware" brief="MMCAU library for ARM Cortex M0 core" category="Security/MMCAU library" device_cores="core0_MKL03Z16xxx4 core0_MKL03Z32xxx4" core="cm0plus" dependency="platform.Include_common.MKL03Z4 platform.Include_core_cm0plus.MKL03Z4 platform.devices.MKL03Z4_CMSIS.MKL03Z4 platform.drivers.clock.MKL03Z4 platform.drivers.common.MKL03Z4 platform.drivers.lpuart.MKL03Z4 platform.utilities.debug_console.MKL03Z4" devices="MKL03Z32xxx4 MKL03Z16xxx4" version="2.0.1" user_visible="true">
      <source path="middleware/mmcau/asm-cm0p" target_path="libs" type="lib" toolchain="mcuxpresso">
        <files mask="lib_mmcau-cm0p.a"/>
      </source>
      <source path="middleware/mmcau" target_path="mmcau/mmcau_source" type="src">
        <files mask="fsl_mmcau.c"/>
      </source>
      <source path="middleware/mmcau" target_path="mmcau/mmcau_include" type="c_include">
        <files mask="cau_api.h"/>
        <files mask="fsl_mmcau.h"/>
      </source>
    </component>
    <component id="middleware.sdmmc.common.MKL03Z4" name="common" full_name="SDMMC common stack" type="middleware" category="Memories/SDMMC Stack" device_cores="core0_MKL03Z16xxx4 core0_MKL03Z32xxx4" core="cm0plus" dependency="platform.Include_common.MKL03Z4 platform.Include_core_cm0plus.MKL03Z4 platform.devices.MKL03Z4_CMSIS.MKL03Z4 platform.drivers.clock.MKL03Z4 platform.drivers.common.MKL03Z4 platform.drivers.spi.MKL03Z4" devices="MKL03Z32xxx4 MKL03Z16xxx4" version="2.2.1" user_visible="true">
      <source path="middleware/sdmmc/inc" target_path="sdmmc/inc" type="c_include">
        <files mask="fsl_sdmmc_common.h"/>
        <files mask="fsl_sdmmc_host.h"/>
        <files mask="fsl_sdmmc_spec.h"/>
      </source>
      <source path="middleware/sdmmc/src" target_path="sdmmc/src" type="src">
        <files mask="fsl_sdmmc_common.c"/>
      </source>
    </component>
    <component id="middleware.sdmmc.mmc.MKL03Z4" name="mmc" full_name="SDMMC mmc stack" type="middleware" category="Memories/SDMMC Stack" device_cores="core0_MKL03Z16xxx4 core0_MKL03Z32xxx4" core="cm0plus" dependency="middleware.sdmmc.common.MKL03Z4 platform.Include_common.MKL03Z4 platform.Include_core_cm0plus.MKL03Z4 platform.devices.MKL03Z4_CMSIS.MKL03Z4 platform.drivers.clock.MKL03Z4 platform.drivers.common.MKL03Z4 platform.drivers.spi.MKL03Z4" devices="MKL03Z32xxx4 MKL03Z16xxx4" version="2.2.1" user_visible="true">
      <source path="middleware/sdmmc/inc" target_path="sdmmc/inc" type="c_include">
        <files mask="fsl_mmc.h"/>
      </source>
      <source path="middleware/sdmmc/src" target_path="sdmmc/src" type="src">
        <files mask="fsl_mmc.c"/>
      </source>
    </component>
    <component id="middleware.sdmmc.sd.MKL03Z4" name="sd" full_name="SDMMC sd stack" type="middleware" category="Memories/SDMMC Stack" device_cores="core0_MKL03Z16xxx4 core0_MKL03Z32xxx4" core="cm0plus" dependency="middleware.sdmmc.common.MKL03Z4 platform.Include_common.MKL03Z4 platform.Include_core_cm0plus.MKL03Z4 platform.devices.MKL03Z4_CMSIS.MKL03Z4 platform.drivers.clock.MKL03Z4 platform.drivers.common.MKL03Z4 platform.drivers.spi.MKL03Z4" devices="MKL03Z32xxx4 MKL03Z16xxx4" version="2.2.1" user_visible="true">
      <source path="middleware/sdmmc/inc" target_path="sdmmc/inc" type="c_include">
        <files mask="fsl_sd.h"/>
      </source>
      <source path="middleware/sdmmc/src" target_path="sdmmc/src" type="src">
        <files mask="fsl_sd.c"/>
      </source>
    </component>
    <component id="middleware.sdmmc.sdio.MKL03Z4" name="sdio" full_name="SDMMC sdio stack" type="middleware" category="Memories/SDMMC Stack" device_cores="core0_MKL03Z16xxx4 core0_MKL03Z32xxx4" core="cm0plus" dependency="middleware.sdmmc.common.MKL03Z4 platform.Include_common.MKL03Z4 platform.Include_core_cm0plus.MKL03Z4 platform.devices.MKL03Z4_CMSIS.MKL03Z4 platform.drivers.clock.MKL03Z4 platform.drivers.common.MKL03Z4 platform.drivers.spi.MKL03Z4" devices="MKL03Z32xxx4 MKL03Z16xxx4" version="2.2.1" user_visible="true">
      <source path="middleware/sdmmc/inc" target_path="sdmmc/inc" type="c_include">
        <files mask="fsl_sdio.h"/>
      </source>
      <source path="middleware/sdmmc/src" target_path="sdmmc/src" type="src">
        <files mask="fsl_sdio.c"/>
      </source>
    </component>
    <component id="middleware.sdmmc.sdspi.MKL03Z4" name="sdspi" full_name="SDMMC sdspi stack" type="middleware" category="Memories/SDMMC Stack" devices="MKL03Z32xxx4 MKL03Z16xxx4" version="2.1.2" user_visible="true">
      <source path="middleware/sdmmc/inc" target_path="sdmmc/inc" type="c_include">
        <files mask="fsl_sdmmc_spec.h"/>
        <files mask="fsl_sdspi.h"/>
      </source>
      <source path="middleware/sdmmc/src" target_path="sdmmc/src" type="src">
        <files mask="fsl_sdspi.c"/>
      </source>
    </component>
    <component id="middleware.template_application.fatfs.MKL03Z4" name="fatfs" full_name="FatFs template application" type="middleware" brief="FatFs template" category="File System/FAT File System" device_cores="core0_MKL03Z16xxx4 core0_MKL03Z32xxx4" core="cm0plus" dependency="middleware.fatfs.MKL03Z4 middleware.fatfs.mmc.MKL03Z4 middleware.fatfs.ram.MKL03Z4 middleware.fatfs.sd.MKL03Z4 middleware.fatfs.sdspi.MKL03Z4 middleware.sdmmc.common.MKL03Z4 middleware.sdmmc.mmc.MKL03Z4 middleware.sdmmc.sd.MKL03Z4 middleware.sdmmc.sdspi.MKL03Z4 platform.Include_common.MKL03Z4 platform.Include_core_cm0plus.MKL03Z4 platform.devices.MKL03Z4_CMSIS.MKL03Z4 platform.drivers.clock.MKL03Z4 platform.drivers.common.MKL03Z4 platform.drivers.spi.MKL03Z4" devices="MKL03Z32xxx4 MKL03Z16xxx4" version="0.12" user_visible="true">
      <source path="middleware/fatfs/template_application" target_path="fatfs" type="c_include">
        <files mask="ffconf.h"/>
      </source>
    </component>
    <component id="middleware.baremetal.MKL03Z4" name="baremetal" full_name="Baremetal" type="OS" devices="MKL03Z32xxx4 MKL03Z16xxx4" version="1.0.0" user_visible="true">
      <defines>
        <define name="SDK_OS_BAREMETAL" value=""/>
        <define name="FSL_RTOS_BM" value=""/>
      </defines>
    </component>
    <component id="platform.CMSIS" name="CMSIS" type="CMSIS" dependency="platform.CMSIS_Driver platform.CMSIS_Driver_Include.CAN_CMSISInclude.MKL03Z4 platform.CMSIS_Driver_Include.Common_CMSISInclude.MKL03Z4 platform.CMSIS_Driver_Include.Ethernet_CMSISInclude.MKL03Z4 platform.CMSIS_Driver_Include.Ethernet_MAC_CMSISInclude.MKL03Z4 platform.CMSIS_Driver_Include.Ethernet_PHY_CMSISInclude.MKL03Z4 platform.CMSIS_Driver_Include.Flash_CMSISInclude.MKL03Z4 platform.CMSIS_Driver_Include.I2C_CMSISInclude.MKL03Z4 platform.CMSIS_Driver_Include.MCI_CMSISInclude.MKL03Z4 platform.CMSIS_Driver_Include.NAND_CMSISInclude.MKL03Z4 platform.CMSIS_Driver_Include.SAI_CMSISInclude.MKL03Z4 platform.CMSIS_Driver_Include.SPI_CMSISInclude.MKL03Z4 platform.CMSIS_Driver_Include.USART_CMSISInclude.MKL03Z4 platform.CMSIS_Driver_Include.USB_CMSISInclude.MKL03Z4 platform.CMSIS_Driver_Include.USB_Device_CMSISInclude.MKL03Z4 platform.CMSIS_Driver_Include.USB_Host_CMSISInclude.MKL03Z4 platform.Include_common.MKL03Z4 platform.Include_core_cm0plus.MKL03Z4" version="5.0.1" user_visible="true">
      <source path="CMSIS" type="doc">
        <files mask="LICENSE.txt"/>
      </source>
      <source path="CMSIS/Include" type="c_include">
        <files mask="arm_common_tables.h"/>
        <files mask="arm_const_structs.h"/>
        <files mask="arm_math.h"/>
        <files mask="cmsis_armcc.h"/>
        <files mask="cmsis_armclang.h"/>
        <files mask="cmsis_compiler.h"/>
        <files mask="cmsis_gcc.h"/>
        <files mask="cmsis_version.h"/>
        <files mask="core_armv8mbl.h"/>
        <files mask="core_armv8mml.h"/>
        <files mask="core_cm0.h"/>
        <files mask="core_cm0plus.h"/>
        <files mask="core_cm23.h"/>
        <files mask="core_cm3.h"/>
        <files mask="core_cm33.h"/>
        <files mask="core_cm4.h"/>
        <files mask="core_cm7.h"/>
        <files mask="core_sc000.h"/>
        <files mask="core_sc300.h"/>
        <files mask="mpu_armv7.h"/>
        <files mask="tz_context.h"/>
      </source>
    </component>
    <component id="platform.CMSIS_Driver" name="CMSIS_Driver" type="CMSIS" version="5.0.1" user_visible="true">
      <source path="CMSIS/Driver/DriverTemplates" type="src">
        <files mask="Driver_CAN.c"/>
        <files mask="Driver_ETH_MAC.c"/>
        <files mask="Driver_ETH_PHY.c"/>
        <files mask="Driver_Flash.c"/>
        <files mask="Driver_I2C.c"/>
        <files mask="Driver_MCI.c"/>
        <files mask="Driver_SAI.c"/>
        <files mask="Driver_SPI.c"/>
        <files mask="Driver_Storage.c"/>
        <files mask="Driver_USART.c"/>
        <files mask="Driver_USBD.c"/>
        <files mask="Driver_USBH.c"/>
      </source>
    </component>
    <component id="platform.CMSIS_Driver_Include.CAN_CMSISInclude.MKL03Z4" name="CAN_CMSISInclude" type="CMSIS_driver" brief="CMSIS Driver_CAN.h" dependency="platform.CMSIS_Driver_Include.Common_CMSISInclude.MKL03Z4" devices="MKL03Z32xxx4 MKL03Z16xxx4" version="5.0.1" user_visible="true">
      <source path="CMSIS/Driver/Include" target_path="CMSIS_driver" type="c_include">
        <files mask="Driver_CAN.h"/>
      </source>
    </component>
    <component id="platform.CMSIS_Driver_Include.Common_CMSISInclude.MKL03Z4" name="Common_CMSISInclude" type="CMSIS_driver" brief="CMSIS Driver_Common.h" devices="MKL03Z32xxx4 MKL03Z16xxx4" version="5.0.1" user_visible="true">
      <source path="CMSIS/Driver/Include" target_path="CMSIS_driver" type="c_include">
        <files mask="Driver_Common.h"/>
      </source>
    </component>
    <component id="platform.CMSIS_Driver_Include.Ethernet_CMSISInclude.MKL03Z4" name="Ethernet_CMSISInclude" type="CMSIS_driver" brief="CMSIS Driver_ETH.h" dependency="platform.CMSIS_Driver_Include.Common_CMSISInclude.MKL03Z4" devices="MKL03Z32xxx4 MKL03Z16xxx4" version="5.0.1" user_visible="true">
      <source path="CMSIS/Driver/Include" target_path="CMSIS_driver" type="c_include">
        <files mask="Driver_ETH.h"/>
      </source>
    </component>
    <component id="platform.CMSIS_Driver_Include.Ethernet_MAC_CMSISInclude.MKL03Z4" name="Ethernet_MAC_CMSISInclude" type="CMSIS_driver" brief="CMSIS Driver_ETH_MAC.h" dependency="platform.CMSIS_Driver_Include.Common_CMSISInclude.MKL03Z4 platform.CMSIS_Driver_Include.Ethernet_CMSISInclude.MKL03Z4" devices="MKL03Z32xxx4 MKL03Z16xxx4" version="5.0.1" user_visible="true">
      <source path="CMSIS/Driver/Include" target_path="CMSIS_driver" type="c_include">
        <files mask="Driver_ETH_MAC.h"/>
      </source>
    </component>
    <component id="platform.CMSIS_Driver_Include.Ethernet_PHY_CMSISInclude.MKL03Z4" name="Ethernet_PHY_CMSISInclude" type="CMSIS_driver" brief="CMSIS Driver_ETH_PHY.h" dependency="platform.CMSIS_Driver_Include.Common_CMSISInclude.MKL03Z4 platform.CMSIS_Driver_Include.Ethernet_CMSISInclude.MKL03Z4" devices="MKL03Z32xxx4 MKL03Z16xxx4" version="5.0.1" user_visible="true">
      <source path="CMSIS/Driver/Include" target_path="CMSIS_driver" type="c_include">
        <files mask="Driver_ETH_PHY.h"/>
      </source>
    </component>
    <component id="platform.CMSIS_Driver_Include.Flash_CMSISInclude.MKL03Z4" name="Flash_CMSISInclude" type="CMSIS_driver" brief="CMSIS Driver_Flash.h" dependency="platform.CMSIS_Driver_Include.Common_CMSISInclude.MKL03Z4" devices="MKL03Z32xxx4 MKL03Z16xxx4" version="5.0.1" user_visible="true">
      <source path="CMSIS/Driver/Include" target_path="CMSIS_driver" type="c_include">
        <files mask="Driver_Flash.h"/>
      </source>
    </component>
    <component id="platform.CMSIS_Driver_Include.I2C_CMSISInclude.MKL03Z4" name="I2C_CMSISInclude" type="CMSIS_driver" brief="CMSIS Driver_I2C.h" dependency="platform.CMSIS_Driver_Include.Common_CMSISInclude.MKL03Z4" devices="MKL03Z32xxx4 MKL03Z16xxx4" version="5.0.1" user_visible="true">
      <source path="CMSIS/Driver/Include" target_path="CMSIS_driver" type="c_include">
        <files mask="Driver_I2C.h"/>
      </source>
    </component>
    <component id="platform.CMSIS_Driver_Include.MCI_CMSISInclude.MKL03Z4" name="MCI_CMSISInclude" type="CMSIS_driver" brief="CMSIS Driver_MCI.h" dependency="platform.CMSIS_Driver_Include.Common_CMSISInclude.MKL03Z4" devices="MKL03Z32xxx4 MKL03Z16xxx4" version="5.0.1" user_visible="true">
      <source path="CMSIS/Driver/Include" target_path="CMSIS_driver" type="c_include">
        <files mask="Driver_MCI.h"/>
      </source>
    </component>
    <component id="platform.CMSIS_Driver_Include.NAND_CMSISInclude.MKL03Z4" name="NAND_CMSISInclude" type="CMSIS_driver" brief="CMSIS Driver_NAND.h" dependency="platform.CMSIS_Driver_Include.Common_CMSISInclude.MKL03Z4" devices="MKL03Z32xxx4 MKL03Z16xxx4" version="5.0.1" user_visible="true">
      <source path="CMSIS/Driver/Include" target_path="CMSIS_driver" type="c_include">
        <files mask="Driver_NAND.h"/>
      </source>
    </component>
    <component id="platform.CMSIS_Driver_Include.SAI_CMSISInclude.MKL03Z4" name="SAI_CMSISInclude" type="CMSIS_driver" brief="CMSIS Driver_SAI.h" dependency="platform.CMSIS_Driver_Include.Common_CMSISInclude.MKL03Z4" devices="MKL03Z32xxx4 MKL03Z16xxx4" version="5.0.1" user_visible="true">
      <source path="CMSIS/Driver/Include" target_path="CMSIS_driver" type="c_include">
        <files mask="Driver_SAI.h"/>
      </source>
    </component>
    <component id="platform.CMSIS_Driver_Include.SPI_CMSISInclude.MKL03Z4" name="SPI_CMSISInclude" type="CMSIS_driver" brief="CMSIS Driver_SPI.h" dependency="platform.CMSIS_Driver_Include.Common_CMSISInclude.MKL03Z4" devices="MKL03Z32xxx4 MKL03Z16xxx4" version="5.0.1" user_visible="true">
      <source path="CMSIS/Driver/Include" target_path="CMSIS_driver" type="c_include">
        <files mask="Driver_SPI.h"/>
      </source>
    </component>
    <component id="platform.CMSIS_Driver_Include.USART_CMSISInclude.MKL03Z4" name="USART_CMSISInclude" type="CMSIS_driver" brief="CMSIS Driver_USART.h" dependency="platform.CMSIS_Driver_Include.Common_CMSISInclude.MKL03Z4" devices="MKL03Z32xxx4 MKL03Z16xxx4" version="5.0.1" user_visible="true">
      <source path="CMSIS/Driver/Include" target_path="CMSIS_driver" type="c_include">
        <files mask="Driver_USART.h"/>
      </source>
    </component>
    <component id="platform.CMSIS_Driver_Include.USB_CMSISInclude.MKL03Z4" name="USB_CMSISInclude" type="CMSIS_driver" brief="CMSIS Driver_USB.h" dependency="platform.CMSIS_Driver_Include.Common_CMSISInclude.MKL03Z4" devices="MKL03Z32xxx4 MKL03Z16xxx4" version="5.0.1" user_visible="true">
      <source path="CMSIS/Driver/Include" target_path="CMSIS_driver" type="c_include">
        <files mask="Driver_USB.h"/>
      </source>
    </component>
    <component id="platform.CMSIS_Driver_Include.USB_Device_CMSISInclude.MKL03Z4" name="USB_Device_CMSISInclude" type="CMSIS_driver" brief="CMSIS Driver_USBD.h" dependency="platform.CMSIS_Driver_Include.Common_CMSISInclude.MKL03Z4 platform.CMSIS_Driver_Include.USB_CMSISInclude.MKL03Z4" devices="MKL03Z32xxx4 MKL03Z16xxx4" version="5.0.1" user_visible="true">
      <source path="CMSIS/Driver/Include" target_path="CMSIS_driver" type="c_include">
        <files mask="Driver_USBD.h"/>
      </source>
    </component>
    <component id="platform.CMSIS_Driver_Include.USB_Host_CMSISInclude.MKL03Z4" name="USB_Host_CMSISInclude" type="CMSIS_driver" brief="CMSIS Driver_USBH.h" dependency="platform.CMSIS_Driver_Include.Common_CMSISInclude.MKL03Z4 platform.CMSIS_Driver_Include.USB_CMSISInclude.MKL03Z4" devices="MKL03Z32xxx4 MKL03Z16xxx4" version="5.0.1" user_visible="true">
      <source path="CMSIS/Driver/Include" target_path="CMSIS_driver" type="c_include">
        <files mask="Driver_USBH.h"/>
      </source>
    </component>
    <component id="platform.Include_common.MKL03Z4" name="Include_common" type="CMSIS_Include" devices="MKL03Z32xxx4 MKL03Z16xxx4" version="5.0.1" user_visible="true">
      <source path="CMSIS/Include" type="c_include">
        <files mask="arm_common_tables.h"/>
        <files mask="arm_const_structs.h"/>
        <files mask="arm_math.h"/>
        <files mask="cmsis_armcc.h"/>
        <files mask="cmsis_armclang.h"/>
        <files mask="cmsis_compiler.h"/>
        <files mask="cmsis_gcc.h"/>
        <files mask="cmsis_version.h"/>
        <files mask="core_armv8mbl.h"/>
        <files mask="core_armv8mml.h"/>
        <files mask="mpu_armv7.h"/>
      </source>
    </component>
    <component id="platform.Include_core_cm0plus.MKL03Z4" name="Include_core_cm0plus" type="CMSIS_Include" device_cores="core0_MKL03Z16xxx4 core0_MKL03Z32xxx4" core="cm0plus" dependency="platform.Include_common.MKL03Z4" devices="MKL03Z32xxx4 MKL03Z16xxx4" version="5.0.1" user_visible="true">
      <source path="CMSIS/Include" type="c_include">
        <files mask="core_cm0plus.h"/>
      </source>
    </component>
    <component id="platform.devices.MKL03Z4_CMSIS.MKL03Z4" name="MKL03Z4_CMSIS" type="CMSIS_Include" device_cores="core0_MKL03Z16xxx4 core0_MKL03Z32xxx4" core="cm0plus" dependency="platform.Include_common.MKL03Z4 platform.Include_core_cm0plus.MKL03Z4" devices="MKL03Z32xxx4 MKL03Z16xxx4" version="1.0.0" user_visible="true">
      <source path="devices/MKL03Z4" type="src">
        <files mask="system_MKL03Z4.c"/>
      </source>
      <source path="devices/MKL03Z4" type="c_include">
        <files mask="fsl_device_registers.h"/>
        <files mask="MKL03Z4.h"/>
        <files mask="MKL03Z4_features.h"/>
        <files mask="system_MKL03Z4.h"/>
      </source>
    </component>
    <component id="platform.drivers.i2c_cmsis.MKL03Z4" name="i2c_cmsis" type="CMSIS_driver" brief="I2C CMSIS Driver" category="Device/SDK CMSIS Drivers" device_cores="core0_MKL03Z16xxx4 core0_MKL03Z32xxx4" core="cm0plus" dependency="RTE_Device.MKL03Z4 platform.CMSIS_Driver_Include.Common_CMSISInclude.MKL03Z4 platform.CMSIS_Driver_Include.I2C_CMSISInclude.MKL03Z4 platform.Include_common.MKL03Z4 platform.Include_core_cm0plus.MKL03Z4 platform.devices.MKL03Z4_CMSIS.MKL03Z4 platform.drivers.clock.MKL03Z4 platform.drivers.common.MKL03Z4 platform.drivers.i2c.MKL03Z4" devices="MKL03Z32xxx4 MKL03Z16xxx4" version="2.0.1" user_visible="true">
      <source path="devices/MKL03Z4/cmsis_drivers" target_path="drivers" type="src">
        <files mask="fsl_i2c_cmsis.c"/>
      </source>
      <source path="devices/MKL03Z4/cmsis_drivers" target_path="drivers" type="c_include">
        <files mask="fsl_i2c_cmsis.h"/>
      </source>
    </component>
    <component id="platform.drivers.lpuart_cmsis.MKL03Z4" name="lpuart_cmsis" type="CMSIS_driver" brief="LPUART CMSIS Driver" category="Device/SDK CMSIS Drivers" device_cores="core0_MKL03Z16xxx4 core0_MKL03Z32xxx4" core="cm0plus" dependency="RTE_Device.MKL03Z4 platform.CMSIS_Driver_Include.Common_CMSISInclude.MKL03Z4 platform.CMSIS_Driver_Include.USART_CMSISInclude.MKL03Z4 platform.Include_common.MKL03Z4 platform.Include_core_cm0plus.MKL03Z4 platform.devices.MKL03Z4_CMSIS.MKL03Z4 platform.drivers.clock.MKL03Z4 platform.drivers.common.MKL03Z4 platform.drivers.lpuart.MKL03Z4" devices="MKL03Z32xxx4 MKL03Z16xxx4" version="2.0.0" user_visible="true">
      <source path="devices/MKL03Z4/cmsis_drivers" target_path="drivers" type="src">
        <files mask="fsl_lpuart_cmsis.c"/>
      </source>
      <source path="devices/MKL03Z4/cmsis_drivers" target_path="drivers" type="c_include">
        <files mask="fsl_lpuart_cmsis.h"/>
      </source>
    </component>
    <component id="platform.drivers.spi_cmsis.MKL03Z4" name="spi_cmsis" type="CMSIS_driver" brief="SPI CMSIS Driver" category="Device/SDK CMSIS Drivers" device_cores="core0_MKL03Z16xxx4 core0_MKL03Z32xxx4" core="cm0plus" dependency="RTE_Device.MKL03Z4 platform.CMSIS_Driver_Include.Common_CMSISInclude.MKL03Z4 platform.CMSIS_Driver_Include.SPI_CMSISInclude.MKL03Z4 platform.Include_common.MKL03Z4 platform.Include_core_cm0plus.MKL03Z4 platform.devices.MKL03Z4_CMSIS.MKL03Z4 platform.drivers.clock.MKL03Z4 platform.drivers.common.MKL03Z4 platform.drivers.spi.MKL03Z4" devices="MKL03Z32xxx4 MKL03Z16xxx4" version="2.0.0" user_visible="true">
      <source path="devices/MKL03Z4/cmsis_drivers" target_path="drivers" type="src">
        <files mask="fsl_spi_cmsis.c"/>
      </source>
      <source path="devices/MKL03Z4/cmsis_drivers" target_path="drivers" type="c_include">
        <files mask="fsl_spi_cmsis.h"/>
      </source>
    </component>
    <component id="platform.devices.MKL03Z4_startup.MKL03Z4" name="MKL03Z4_startup" type="startup" devices="MKL03Z32xxx4 MKL03Z16xxx4" version="1.0.0" user_visible="true">
      <source path="devices/MKL03Z4/mcuxpresso" type="src_cpp" toolchain="mcuxpresso">
        <files mask="startup_mkl03z4.cpp"/>
      </source>
      <source path="devices/MKL03Z4/mcuxpresso" type="src_c" toolchain="mcuxpresso">
        <files mask="startup_mkl03z4.c"/>
      </source>
    </component>
    <component id="RTE_Device.MKL03Z4" name="RTE_Device" type="project_template" category="Device/SDK Project Template" devices="MKL03Z32xxx4 MKL03Z16xxx4" version="1.0.0" user_visible="true">
      <source path="devices/MKL03Z4/template" target_path="board" type="c_include">
        <files mask="RTE_Device.h"/>
      </source>
    </component>
    <component id="platform.devices.MKL03Z4_debugger.MKL03Z4" name="MKL03Z4_debugger" type="debugger" devices="MKL03Z32xxx4 MKL03Z16xxx4" version="1.0.0" user_visible="true">
      <source path="devices/MKL03Z4" type="xml">
        <files mask="MKL03Z4.xml"/>
      </source>
    </component>
    <component id="platform.devices.MKL03Z4_flash.MKL03Z4" name="MKL03Z4_flash" type="debugger" devices="MKL03Z32xxx4 MKL03Z16xxx4" version="1.0.0" user_visible="true">
      <source path="devices/MKL03Z4/mcuxpresso" type="binary" toolchain="mcuxpresso">
        <files mask="FTFA_1K_Tiny.cfx"/>
      </source>
    </component>
    <component id="project_template.MKL03Z4.MKL03Z4" name="MKL03Z4" type="project_template" category="Board Support/SDK Project Template" device_cores="core0_MKL03Z16xxx4 core0_MKL03Z32xxx4" core="cm0plus" dependency="platform.Include_common.MKL03Z4 platform.Include_core_cm0plus.MKL03Z4 platform.devices.MKL03Z4_CMSIS.MKL03Z4 platform.devices.MKL03Z4_startup.MKL03Z4 platform.drivers.clock.MKL03Z4 platform.drivers.common.MKL03Z4 platform.drivers.flash.MKL03Z4 platform.drivers.gpio.MKL03Z4 platform.drivers.lpuart.MKL03Z4 platform.drivers.port.MKL03Z4 platform.drivers.smc.MKL03Z4 platform.utilities.debug_console.MKL03Z4" devices="MKL03Z32xxx4 MKL03Z16xxx4" version="1.0.0" user_visible="true">
      <source path="devices/MKL03Z4/project_template" type="src">
        <files mask="board.c"/>
        <files mask="clock_config.c"/>
        <files mask="peripherals.c"/>
        <files mask="pin_mux.c"/>
      </source>
      <source path="devices/MKL03Z4/project_template" type="c_include">
        <files mask="board.h"/>
        <files mask="clock_config.h"/>
        <files mask="peripherals.h"/>
        <files mask="pin_mux.h"/>
      </source>
    </component>
    <component id="project_template.frdmkl03z.MKL03Z4" name="frdmkl03z" type="project_template" category="Board Support/SDK Project Template" device_cores="core0_MKL03Z16xxx4 core0_MKL03Z32xxx4" core="cm0plus" dependency="platform.Include_common.MKL03Z4 platform.Include_core_cm0plus.MKL03Z4 platform.devices.MKL03Z4_CMSIS.MKL03Z4 platform.devices.MKL03Z4_startup.MKL03Z4 platform.drivers.clock.MKL03Z4 platform.drivers.common.MKL03Z4 platform.drivers.flash.MKL03Z4 platform.drivers.gpio.MKL03Z4 platform.drivers.lpuart.MKL03Z4 platform.drivers.port.MKL03Z4 platform.drivers.smc.MKL03Z4 platform.utilities.debug_console.MKL03Z4" devices="MKL03Z32xxx4 MKL03Z16xxx4" version="1.0.0" user_visible="true">
      <source path="boards/frdmkl03z/project_template" type="src">
        <files mask="board.c"/>
        <files mask="clock_config.c"/>
        <files mask="peripherals.c"/>
        <files mask="pin_mux.c"/>
      </source>
      <source path="boards/frdmkl03z/project_template" type="c_include">
        <files mask="board.h"/>
        <files mask="clock_config.h"/>
        <files mask="peripherals.h"/>
        <files mask="pin_mux.h"/>
      </source>
    </component>
    <component id="docs.MKL03Z4.MKL03Z4" name="MKL03Z4" type="documentation" devices="MKL03Z32xxx4 MKL03Z16xxx4" version="1.0.0" user_visible="true">
      <source path="docs" type="doc">
        <files mask="Getting Started with MCUXpresso SDK.pdf"/>
        <files mask="MCUXpresso SDK Release Notes_MKL03Z4.pdf"/>
      </source>
    </component>
    </components>
</ksdk:manifest>