<?xml version="1.0" encoding="UTF-8"?>
<example name="cop" category="driver_examples" board_ref="FRDM_KL03Z" version="1.0.0" format_version="2.1">
  <source path="boards/frdmkl03z/driver_examples/cop" target_path="sources" type="c_include">
    <files mask="board.h"/>
    <files mask="clock_config.h"/>
    <files mask="pin_mux.h"/>
  </source>
  <source path="boards/frdmkl03z/driver_examples/cop" target_path="doc" type="doc">
    <files mask="readme.txt"/>
  </source>
  <source path="boards/frdmkl03z/driver_examples/cop" target_path="sources" type="src">
    <files mask="board.c"/>
    <files mask="clock_config.c"/>
    <files mask="cop.c"/>
    <files mask="pin_mux.c"/>
  </source>
  <source path="devices/MKL03Z4/arm" target_path="devices/arm" type="src" compilers="arm">
    <files mask="startup_MKL03Z4.s"/>
  </source>
  <source path="devices/MKL03Z4/drivers" target_path="drivers" type="c_include">
    <files mask="fsl_clock.h"/>
    <files mask="fsl_common.h"/>
    <files mask="fsl_cop.h"/>
    <files mask="fsl_flash.h"/>
    <files mask="fsl_gpio.h"/>
    <files mask="fsl_lpuart.h"/>
    <files mask="fsl_port.h"/>
    <files mask="fsl_rcm.h"/>
    <files mask="fsl_smc.h"/>
  </source>
  <source path="devices/MKL03Z4/drivers" target_path="drivers" type="src">
    <files mask="fsl_clock.c"/>
    <files mask="fsl_common.c"/>
    <files mask="fsl_cop.c"/>
    <files mask="fsl_flash.c"/>
    <files mask="fsl_gpio.c"/>
    <files mask="fsl_lpuart.c"/>
    <files mask="fsl_rcm.c"/>
    <files mask="fsl_smc.c"/>
  </source>
  <source path="devices/MKL03Z4/gcc" target_path="devices/gcc" type="src" compilers="gcc">
    <files mask="startup_MKL03Z4.S"/>
  </source>
  <source path="devices/MKL03Z4/iar" target_path="devices/iar" type="src" compilers="iar">
    <files mask="startup_MKL03Z4.s"/>
  </source>
  <source path="devices/MKL03Z4/utilities/io" target_path="utilities" type="c_include">
    <files mask="fsl_io.h"/>
  </source>
  <source path="devices/MKL03Z4/utilities/io" target_path="utilities" type="src">
    <files mask="fsl_io.c"/>
  </source>
  <source path="devices/MKL03Z4/utilities/log" target_path="utilities" type="c_include">
    <files mask="fsl_log.h"/>
  </source>
  <source path="devices/MKL03Z4/utilities/log" target_path="utilities" type="src">
    <files mask="fsl_log.c"/>
  </source>
  <source path="devices/MKL03Z4/utilities/str" target_path="utilities" type="c_include">
    <files mask="fsl_str.h"/>
  </source>
  <source path="devices/MKL03Z4/utilities/str" target_path="utilities" type="src">
    <files mask="fsl_str.c"/>
  </source>
  <source path="devices/MKL03Z4/utilities" target_path="utilities" type="c_include">
    <files mask="fsl_debug_console.h"/>
    <files mask="fsl_debug_console_conf.h"/>
  </source>
  <source path="devices/MKL03Z4/utilities" target_path="utilities" type="src">
    <files mask="fsl_assert.c"/>
    <files mask="fsl_debug_console.c"/>
  </source>
  <source path="devices/MKL03Z4" target_path="devices" type="c_include">
    <files mask="MKL03Z4.h"/>
    <files mask="MKL03Z4_features.h"/>
    <files mask="fsl_device_registers.h"/>
    <files mask="system_MKL03Z4.h"/>
  </source>
  <source path="devices/MKL03Z4" target_path="devices" type="src">
    <files mask="system_MKL03Z4.c"/>
  </source>
  <include_paths>
    <include path="devices"/>
    <include path="drivers"/>
    <include path="sources"/>
    <include path="utilities"/>
  </include_paths>
</example>
